_layout._data_offset,_data,timestamp,elapsed_time
0,"array('h', [997, 998, 998, 300])",1762382539252133807,0.027619658
0,"array('h', [997, 998, 998, 300])",1762382539458108069,0.23359392
0,"array('h', [997, 998, 998, 300])",1762382539494913354,0.270399205
0,"array('h', [997, 998, 998, 300])",1762382539528560220,0.304046071
0,"array('h', [997, 998, 998, 300])",1762382539570802783,0.346288634
0,"array('h', [997, 998, 998, 300])",1762382539621937214,0.397423065
0,"array('h', [997, 998, 998, 300])",1762382539652878608,0.428364459
0,"array('h', [997, 998, 998, 300])",1762382539689699292,0.465185143
0,"array('h', [998, 998, 998, 300])",1762382539729751936,0.505237787
0,"array('h', [997, 998, 998, 300])",1762382539777844422,0.553330273
0,"array('h', [997, 998, 998, 300])",1762382539810132603,0.585618454
0,"array('h', [998, 998, 998, 300])",1762382539853965339,0.62945119
0,"array('h', [997, 998, 998, 300])",1762382539907861591,0.683347442
0,"array('h', [997, 998, 998, 300])",1762382539938384323,0.713870174
0,"array('h', [997, 998, 998, 300])",1762382539975612250,0.751098101
0,"array('h', [997, 998, 998, 300])",1762382540015880546,0.791366397
0,"array('h', [997, 998, 998, 300])",1762382540060136394,0.835622245
0,"array('h', [997, 998, 998, 300])",1762382540096167213,0.871653064
0,"array('h', [997, 998, 998, 300])",1762382540147034214,0.922520065
0,"array('h', [998, 998, 998, 300])",1762382540202032378,0.977518229
0,"array('h', [997, 998, 998, 300])",1762382540231768284,1.007254135
0,"array('h', [997, 998, 998, 300])",1762382540269671148,1.045156999
0,"array('h', [997, 998, 998, 300])",1762382540309202912,1.084688763
0,"array('h', [998, 998, 998, 300])",1762382540357826001,1.133311852
0,"array('h', [997, 998, 998, 300])",1762382540392793599,1.16827945
0,"array('h', [997, 998, 998, 300])",1762382540432312553,1.207798404
0,"array('h', [997, 998, 998, 300])",1762382540472713573,1.248199424
0,"array('h', [997, 998, 998, 300])",1762382540514017585,1.289503436
0,"array('h', [997, 998, 998, 300])",1762382540556597334,1.332083185
0,"array('h', [997, 998, 998, 300])",1762382540595282894,1.370768745
0,"array('h', [997, 998, 998, 300])",1762382540633825263,1.409311114
0,"array('h', [997, 998, 998, 300])",1762382540684033014,1.459518865
0,"array('h', [997, 998, 998, 300])",1762382540715117591,1.490603442
0,"array('h', [997, 998, 998, 300])",1762382540757793605,1.533279456
0,"array('h', [997, 998, 998, 300])",1762382540796383738,1.571869589
0,"array('h', [997, 998, 998, 300])",1762382540833897370,1.609383221
0,"array('h', [997, 998, 998, 300])",1762382540878698358,1.654184209
0,"array('h', [997, 998, 998, 300])",1762382540927192592,1.702678443
0,"array('h', [997, 998, 998, 300])",1762382540956377172,1.731863023
0,"array('h', [997, 998, 998, 300])",1762382540994622461,1.770108312
0,"array('h', [997, 998, 998, 300])",1762382541034968094,1.810453945
0,"array('h', [997, 998, 998, 300])",1762382541074925297,1.850411148
0,"array('h', [997, 998, 998, 300])",1762382541121006396,1.896492247
0,"array('h', [997, 998, 998, 300])",1762382541155993603,1.931479454
0,"array('h', [997, 998, 998, 300])",1762382541196660476,1.972146327
0,"array('h', [997, 998, 998, 300])",1762382541237547004,2.013032855
0,"array('h', [997, 998, 998, 300])",1762382541276474300,2.051960151
0,"array('h', [997, 998, 998, 300])",1762382541316031691,2.091517542
0,"array('h', [997, 998, 998, 300])",1762382541360293882,2.135779733
0,"array('h', [997, 998, 998, 300])",1762382541397783137,2.173268988
0,"array('h', [997, 998, 998, 300])",1762382541442036814,2.217522665
0,"array('h', [997, 998, 998, 300])",1762382541480843218,2.256329069
0,"array('h', [998, 998, 998, 300])",1762382541517848317,2.293334168
0,"array('h', [997, 998, 998, 300])",1762382541556833782,2.332319633
0,"array('h', [998, 998, 998, 300])",1762382541596237823,2.371723674
0,"array('h', [997, 998, 998, 300])",1762382541640175386,2.415661237
0,"array('h', [997, 998, 998, 300])",1762382541682298510,2.457784361
0,"array('h', [997, 998, 998, 300])",1762382541718188463,2.493674314
0,"array('h', [997, 998, 998, 300])",1762382541763829788,2.539315639
0,"array('h', [997, 998, 998, 300])",1762382541799995750,2.575481601
0,"array('h', [997, 998, 998, 300])",1762382541841735977,2.617221828
0,"array('h', [997, 998, 998, 300])",1762382541876323584,2.651809435
0,"array('h', [997, 998, 998, 300])",1762382541917103077,2.692588928
0,"array('h', [997, 998, 998, 300])",1762382541960192830,2.735678681
0,"array('h', [997, 998, 998, 300])",1762382541997752189,2.77323804
0,"array('h', [997, 998, 998, 300])",1762382542044080502,2.819566353
0,"array('h', [997, 998, 998, 300])",1762382542081173863,2.856659714
0,"array('h', [997, 998, 998, 300])",1762382542119768645,2.895254496
0,"array('h', [997, 998, 998, 300])",1762382542156947704,2.932433555
0,"array('h', [997, 998, 998, 300])",1762382542196627376,2.972113227
0,"array('h', [998, 998, 998, 300])",1762382542241654604,3.017140455
0,"array('h', [997, 998, 998, 300])",1762382542278158596,3.053644447
0,"array('h', [997, 998, 998, 300])",1762382542319056179,3.09454203
0,"array('h', [997, 998, 998, 300])",1762382542357052023,3.132537874
0,"array('h', [998, 998, 998, 300])",1762382542402789084,3.178274935
0,"array('h', [997, 998, 998, 300])",1762382542455592881,3.231078732
0,"array('h', [998, 998, 998, 300])",1762382542491513947,3.266999798
0,"array('h', [998, 998, 998, 300])",1762382542532507396,3.307993247
0,"array('h', [997, 998, 998, 300])",1762382542580202869,3.35568872
0,"array('h', [997, 998, 998, 300])",1762382542630409743,3.405895594
0,"array('h', [997, 998, 998, 300])",1762382542660089728,3.435575579
0,"array('h', [998, 998, 998, 300])",1762382542699140773,3.474626624
0,"array('h', [997, 998, 998, 300])",1762382542738035618,3.513521469
0,"array('h', [998, 998, 998, 300])",1762382542779059886,3.554545737
0,"array('h', [997, 998, 998, 300])",1762382542817614199,3.59310005
0,"array('h', [998, 998, 998, 300])",1762382542859170745,3.634656596
0,"array('h', [997, 998, 998, 300])",1762382542897895327,3.673381178
0,"array('h', [997, 998, 998, 300])",1762382542944019313,3.719505164
0,"array('h', [998, 998, 998, 300])",1762382542990429211,3.765915062
0,"array('h', [998, 998, 998, 300])",1762382543027731868,3.803217719
0,"array('h', [997, 998, 998, 300])",1762382543064401194,3.839887045
0,"array('h', [997, 998, 998, 300])",1762382543106453780,3.881939631
0,"array('h', [998, 998, 998, 300])",1762382543146183532,3.921669383
0,"array('h', [998, 998, 998, 300])",1762382543185299159,3.96078501
0,"array('h', [997, 998, 998, 300])",1762382543244343319,4.01982917
0,"array('h', [998, 998, 998, 300])",1762382543274710800,4.050196651
0,"array('h', [998, 998, 998, 300])",1762382543312957862,4.088443713
0,"array('h', [997, 998, 998, 300])",1762382543354027348,4.129513199
0,"array('h', [997, 998, 998, 300])",1762382543392259362,4.167745213
0,"array('h', [998, 998, 998, 300])",1762382543436754127,4.212239978
0,"array('h', [997, 998, 998, 300])",1762382543491085642,4.266571493
0,"array('h', [997, 998, 998, 300])",1762382543526950105,4.302435956
0,"array('h', [998, 998, 998, 300])",1762382543565896643,4.341382494
0,"array('h', [998, 998, 998, 300])",1762382543607416808,4.382902659
0,"array('h', [997, 998, 998, 300])",1762382543643949018,4.419434869
0,"array('h', [997, 998, 998, 300])",1762382543687403241,4.462889092
0,"array('h', [997, 998, 998, 300])",1762382543725485608,4.500971459
0,"array('h', [997, 998, 998, 300])",1762382543763940861,4.539426712
0,"array('h', [997, 998, 998, 300])",1762382543803766564,4.579252415
0,"array('h', [997, 998, 998, 300])",1762382543849156848,4.624642699
0,"array('h', [997, 998, 998, 300])",1762382543886990431,4.662476282
0,"array('h', [997, 998, 998, 300])",1762382543926279560,4.701765411
0,"array('h', [997, 998, 998, 300])",1762382543972818127,4.748303978
0,"array('h', [997, 998, 998, 300])",1762382544005924313,4.781410164
0,"array('h', [997, 998, 998, 300])",1762382544053983487,4.829469338
0,"array('h', [997, 998, 998, 300])",1762382544087846472,4.863332323
0,"array('h', [997, 998, 998, 300])",1762382544133051943,4.908537794
0,"array('h', [997, 998, 998, 300])",1762382544174245967,4.949731818
0,"array('h', [998, 998, 998, 300])",1762382544206939064,4.982424915
0,"array('h', [997, 998, 998, 300])",1762382544246999946,5.022485797
0,"array('h', [997, 998, 998, 300])",1762382544288827410,5.064313261
0,"array('h', [997, 998, 998, 300])",1762382544326414039,5.10189989
0,"array('h', [997, 998, 998, 300])",1762382544377433355,5.152919206
0,"array('h', [997, 998, 998, 300])",1762382544407938614,5.183424465
0,"array('h', [997, 998, 998, 300])",1762382544448239162,5.223725013
0,"array('h', [997, 998, 998, 300])",1762382544494173825,5.269659676
0,"array('h', [997, 998, 998, 300])",1762382544530147619,5.30563347
0,"array('h', [997, 998, 998, 300])",1762382544577260212,5.352746063
0,"array('h', [997, 998, 998, 300])",1762382544613260005,5.388745856
0,"array('h', [997, 998, 998, 300])",1762382544656058167,5.431544018
0,"array('h', [997, 998, 998, 300])",1762382544692550463,5.468036314
0,"array('h', [997, 998, 998, 300])",1762382544730851212,5.506337063
0,"array('h', [998, 998, 998, 300])",1762382544774485528,5.549971379
0,"array('h', [997, 998, 998, 300])",1762382544810957600,5.586443451
0,"array('h', [997, 998, 998, 300])",1762382544858857920,5.634343771
0,"array('h', [997, 998, 998, 300])",1762382544901427506,5.676913357
0,"array('h', [997, 998, 998, 300])",1762382544934749588,5.710235439
0,"array('h', [997, 998, 998, 300])",1762382544975253328,5.750739179
0,"array('h', [998, 998, 998, 300])",1762382545014116359,5.78960221
0,"array('h', [997, 998, 998, 300])",1762382545060258372,5.835744223
0,"array('h', [998, 998, 998, 300])",1762382545095774704,5.871260555
0,"array('h', [998, 998, 998, 300])",1762382545135069699,5.91055555
0,"array('h', [997, 998, 998, 300])",1762382545178145197,5.953631048
0,"array('h', [998, 998, 998, 300])",1762382545218101340,5.993587191
0,"array('h', [997, 998, 998, 300])",1762382545256431826,6.031917677
0,"array('h', [997, 998, 998, 300])",1762382545295684883,6.071170734
0,"array('h', [997, 998, 998, 300])",1762382545335079413,6.110565264
0,"array('h', [998, 998, 998, 300])",1762382545384051754,6.159537605
0,"array('h', [997, 998, 998, 300])",1762382545415067442,6.190553293
0,"array('h', [997, 998, 998, 300])",1762382545458236383,6.233722234
0,"array('h', [997, 998, 998, 300])",1762382545500554950,6.276040801
0,"array('h', [997, 998, 998, 300])",1762382545541137023,6.316622874
0,"array('h', [997, 998, 998, 300])",1762382545579088303,6.354574154
0,"array('h', [998, 998, 998, 300])",1762382545628221996,6.403707847
0,"array('h', [998, 998, 998, 300])",1762382545656234861,6.431720712
0,"array('h', [998, 998, 998, 300])",1762382545696172134,6.471657985
0,"array('h', [998, 998, 998, 300])",1762382545743357400,6.518843251
0,"array('h', [997, 998, 998, 300])",1762382545778255377,6.553741228
0,"array('h', [997, 998, 998, 300])",1762382545816320866,6.591806717
0,"array('h', [997, 998, 998, 300])",1762382545865482774,6.640968625
0,"array('h', [997, 998, 998, 300])",1762382545896001302,6.671487153
0,"array('h', [997, 998, 998, 300])",1762382545936842105,6.712327956
0,"array('h', [997, 998, 998, 300])",1762382545980236065,6.755721916
0,"array('h', [998, 998, 998, 300])",1762382546016832672,6.792318523
0,"array('h', [997, 998, 998, 300])",1762382546061578197,6.837064048
0,"array('h', [998, 998, 998, 300])",1762382546108168600,6.883654451
0,"array('h', [997, 998, 998, 300])",1762382546152190647,6.927676498
0,"array('h', [997, 998, 998, 300])",1762382546188031670,6.963517521
0,"array('h', [997, 998, 998, 300])",1762382546226578264,7.002064115
0,"array('h', [997, 998, 998, 300])",1762382546267735284,7.043221135
0,"array('h', [997, 998, 998, 300])",1762382546310147891,7.085633742
0,"array('h', [997, 998, 998, 300])",1762382546347226040,7.122711891
0,"array('h', [998, 998, 998, 300])",1762382546391793047,7.167278898
0,"array('h', [998, 998, 998, 300])",1762382546425488965,7.200974816
0,"array('h', [997, 998, 998, 300])",1762382546471470135,7.246955986
0,"array('h', [998, 998, 998, 300])",1762382546507744441,7.283230292
0,"array('h', [997, 998, 998, 300])",1762382546550127803,7.325613654
0,"array('h', [997, 998, 998, 300])",1762382546585851797,7.361337648
0,"array('h', [997, 998, 998, 300])",1762382546625285939,7.40077179
0,"array('h', [997, 998, 998, 300])",1762382546667900974,7.443386825
0,"array('h', [997, 998, 998, 300])",1762382546705073403,7.480559254
0,"array('h', [998, 998, 998, 300])",1762382546751442045,7.526927896
0,"array('h', [997, 998, 998, 300])",1762382546786672949,7.5621588
0,"array('h', [997, 998, 998, 300])",1762382546825059202,7.600545053
0,"array('h', [997, 998, 998, 300])",1762382546867005930,7.642491781
0,"array('h', [997, 998, 998, 300])",1762382546907075226,7.682561077
0,"array('h', [997, 998, 998, 300])",1762382546958284158,7.733770009
0,"array('h', [998, 998, 998, 300])",1762382546986222043,7.761707894
0,"array('h', [997, 998, 998, 300])",1762382547026080991,7.801566842
0,"array('h', [998, 998, 998, 300])",1762382547070384877,7.845870728
0,"array('h', [998, 998, 998, 300])",1762382547108444585,7.883930436
0,"array('h', [997, 998, 998, 300])",1762382547146821850,7.922307701
0,"array('h', [998, 998, 998, 300])",1762382547187786021,7.963271872
0,"array('h', [997, 998, 998, 300])",1762382547243590897,8.019076748
0,"array('h', [997, 998, 998, 300])",1762382547272012970,8.047498821
0,"array('h', [998, 998, 998, 300])",1762382547315776354,8.091262205
0,"array('h', [997, 998, 998, 300])",1762382547360701272,8.136187123
0,"array('h', [998, 998, 998, 300])",1762382547392587503,8.168073354
0,"array('h', [998, 998, 998, 300])",1762382547432873424,8.208359275
0,"array('h', [997, 998, 998, 300])",1762382547471365956,8.246851807
0,"array('h', [998, 998, 998, 300])",1762382547513768368,8.289254219
0,"array('h', [998, 998, 998, 300])",1762382547563655206,8.339141057
0,"array('h', [997, 998, 998, 300])",1762382547591156776,8.366642627
0,"array('h', [997, 998, 998, 300])",1762382547639093900,8.414579751
0,"array('h', [998, 998, 998, 300])",1762382547685093883,8.460579734
0,"array('h', [997, 998, 998, 300])",1762382547736730591,8.512216442
0,"array('h', [998, 998, 998, 300])",1762382547764656536,8.540142387
0,"array('h', [998, 998, 998, 300])",1762382547814689353,8.590175204
0,"array('h', [998, 998, 998, 300])",1762382547846153705,8.621639556
0,"array('h', [997, 998, 998, 300])",1762382547885022679,8.66050853
0,"array('h', [998, 998, 998, 300])",1762382547924608529,8.70009438
0,"array('h', [997, 998, 998, 300])",1762382547970194319,8.74568017
0,"array('h', [997, 998, 998, 300])",1762382548004967783,8.780453634
0,"array('h', [997, 998, 998, 300])",1762382548051261006,8.826746857
0,"array('h', [997, 998, 998, 300])",1762382548086685661,8.862171512
0,"array('h', [997, 998, 998, 300])",1762382548133468825,8.908954676
0,"array('h', [997, 998, 998, 300])",1762382548169306519,8.94479237
0,"array('h', [998, 998, 998, 300])",1762382548204224797,8.979710648
0,"array('h', [997, 998, 998, 300])",1762382548248800761,9.024286612
0,"array('h', [997, 998, 998, 300])",1762382548289438837,9.064924688
0,"array('h', [997, 998, 998, 300])",1762382548330136839,9.10562269
0,"array('h', [997, 998, 998, 300])",1762382548373291769,9.14877762
0,"array('h', [998, 998, 998, 300])",1762382548413325746,9.188811597
0,"array('h', [998, 998, 998, 300])",1762382548450802573,9.226288424
0,"array('h', [997, 998, 998, 300])",1762382548493944329,9.26943018
0,"array('h', [997, 998, 998, 300])",1762382548524808821,9.300294672
0,"array('h', [997, 998, 998, 300])",1762382548570845183,9.346331034
0,"array('h', [997, 998, 998, 300])",1762382548627272532,9.402758383
0,"array('h', [998, 998, 998, 300])",1762382548663337771,9.438823622
0,"array('h', [998, 998, 998, 300])",1762382548714711850,9.490197701
0,"array('h', [997, 998, 998, 300])",1762382548803595312,9.579081163
0,"array('h', [998, 998, 998, 300])",1762382548902316329,9.67780218
0,"array('h', [998, 998, 998, 293])",1762382548946580440,9.722066291
0,"array('h', [998, 998, 998, 283])",1762382548979461745,9.754947596
0,"array('h', [998, 998, 998, 292])",1762382549016921650,9.792407501
0,"array('h', [998, 998, 998, 293])",1762382549063262797,9.838748648
0,"array('h', [998, 998, 998, 285])",1762382549100892731,9.876378582
0,"array('h', [998, 998, 998, 272])",1762382549138793899,9.91427975
0,"array('h', [998, 998, 998, 276])",1762382549187017290,9.962503141
0,"array('h', [998, 998, 998, 268])",1762382549222141750,9.997627601
0,"array('h', [997, 998, 998, 255])",1762382549267195652,10.042681503
0,"array('h', [997, 998, 998, 257])",1762382549308401313,10.083887164
0,"array('h', [998, 998, 998, 248])",1762382549345531633,10.121017484
0,"array('h', [998, 998, 998, 251])",1762382549385151513,10.160637364
0,"array('h', [997, 998, 998, 240])",1762382549434672188,10.210158039
0,"array('h', [998, 998, 998, 238])",1762382549465426360,10.240912211
0,"array('h', [997, 998, 998, 229])",1762382549505777947,10.281263798
0,"array('h', [997, 998, 998, 224])",1762382549547510168,10.322996019
0,"array('h', [997, 998, 998, 217])",1762382549584273303,10.359759154
0,"array('h', [998, 998, 998, 212])",1762382549625991563,10.401477414
0,"array('h', [997, 998, 998, 203])",1762382549664311543,10.439797394
0,"array('h', [997, 998, 998, 195])",1762382549706516856,10.482002707
0,"array('h', [998, 998, 998, 189])",1762382549744586612,10.520072463
0,"array('h', [997, 998, 998, 190])",1762382549785033766,10.560519617
0,"array('h', [997, 998, 998, 184])",1762382549825489019,10.60097487
0,"array('h', [997, 998, 998, 187])",1762382549868601708,10.644087559
0,"array('h', [997, 998, 998, 190])",1762382549909467570,10.684953421
0,"array('h', [997, 998, 998, 186])",1762382549946377940,10.721863791
0,"array('h', [998, 998, 998, 189])",1762382549985312169,10.76079802
0,"array('h', [997, 998, 998, 190])",1762382550024830219,10.80031607
0,"array('h', [997, 998, 998, 193])",1762382550065486959,10.84097281
0,"array('h', [997, 998, 998, 188])",1762382550107412087,10.882897938
0,"array('h', [997, 998, 998, 188])",1762382550146650693,10.922136544
0,"array('h', [997, 998, 998, 193])",1762382550185860632,10.961346483
0,"array('h', [998, 998, 998, 188])",1762382550236548919,11.01203477
0,"array('h', [998, 998, 998, 189])",1762382550287306860,11.062792711
0,"array('h', [998, 998, 998, 189])",1762382550320586298,11.096072149
0,"array('h', [997, 998, 998, 190])",1762382550366499563,11.141985414
0,"array('h', [997, 998, 998, 186])",1762382550409222366,11.184708217
0,"array('h', [998, 998, 998, 184])",1762382550441283816,11.216769667
0,"array('h', [997, 998, 998, 180])",1762382550492823882,11.268309733
0,"array('h', [997, 998, 998, 173])",1762382550524014850,11.299500701
0,"array('h', [997, 998, 998, 177])",1762382550563726764,11.339212615
0,"array('h', [998, 998, 998, 173])",1762382550610564495,11.386050346
0,"array('h', [998, 998, 998, 177])",1762382550643849972,11.419335823
0,"array('h', [998, 998, 998, 173])",1762382550693134937,11.468620788
0,"array('h', [997, 998, 998, 171])",1762382550722503145,11.497988996
0,"array('h', [997, 998, 998, 160])",1762382550762523456,11.538009307
0,"array('h', [997, 998, 998, 152])",1762382550808203882,11.583689733
0,"array('h', [997, 998, 998, 143])",1762382550844365406,11.619851257
0,"array('h', [997, 998, 998, 139])",1762382550899866750,11.675352601
0,"array('h', [997, 998, 998, 130])",1762382550940551551,11.716037402
0,"array('h', [998, 998, 998, 126])",1762382550992795696,11.768281547
0,"array('h', [997, 998, 998, 120])",1762382551027416785,11.802902636
0,"array('h', [998, 998, 998, 115])",1762382551071560063,11.847045914
0,"array('h', [998, 998, 998, 111])",1762382551104533700,11.880019551
0,"array('h', [997, 998, 998, 111])",1762382551147615660,11.923101511
0,"array('h', [998, 998, 998, 104])",1762382551184468254,11.959954105
0,"array('h', [997, 998, 998, 101])",1762382551234473846,12.009959697
0,"array('h', [997, 998, 998, 99])",1762382551264147005,12.039632856
0,"array('h', [997, 998, 998, 97])",1762382551305244234,12.080730085
0,"array('h', [997, 998, 998, 94])",1762382551346541182,12.122027033
0,"array('h', [997, 998, 998, 90])",1762382551386804862,12.162290713
0,"array('h', [997, 998, 998, 87])",1762382551428539768,12.204025619
0,"array('h', [997, 998, 998, 85])",1762382551464086330,12.239572181
0,"array('h', [997, 998, 998, 85])",1762382551507628601,12.283114452
0,"array('h', [997, 998, 998, 78])",1762382551544637086,12.320122937
0,"array('h', [997, 998, 998, 77])",1762382551592398942,12.367884793
0,"array('h', [998, 998, 998, 76])",1762382551631026430,12.406512281
0,"array('h', [997, 998, 998, 72])",1762382551670261917,12.445747768
0,"array('h', [997, 998, 998, 69])",1762382551707121322,12.482607173
0,"array('h', [997, 998, 998, 69])",1762382551745430910,12.520916761
0,"array('h', [997, 998, 998, 66])",1762382551787331980,12.562817831
0,"array('h', [997, 998, 998, 66])",1762382551836069485,12.611555336
0,"array('h', [997, 998, 998, 62])",1762382551872342462,12.647828313
0,"array('h', [997, 998, 998, 57])",1762382551907910220,12.683396071
0,"array('h', [997, 998, 998, 55])",1762382551956099796,12.731585647
0,"array('h', [998, 998, 998, 55])",1762382551988409526,12.763895377
0,"array('h', [997, 998, 998, 52])",1762382552029577073,12.805062924
0,"array('h', [997, 998, 998, 51])",1762382552078159342,12.853645193
0,"array('h', [998, 998, 998, 48])",1762382552110205424,12.885691275
0,"array('h', [997, 979, 956, 45])",1762382552159890810,12.935376661
0,"array('h', [950, 949, 945, 47])",1762382552200367238,12.975853089
0,"array('h', [950, 949, 945, 45])",1762382552238136468,13.013622319
0,"array('h', [950, 949, 945, 43])",1762382552286159038,13.061644889
0,"array('h', [950, 949, 945, 45])",1762382552331131853,13.106617704
0,"array('h', [950, 948, 945, 41])",1762382552367040623,13.142526474
0,"array('h', [949, 948, 945, 40])",1762382552407612566,13.183098417
0,"array('h', [949, 948, 945, 40])",1762382552461529547,13.237015398
0,"array('h', [949, 948, 945, 37])",1762382552489995653,13.265481504
0,"array('h', [949, 948, 945, 45])",1762382552531803970,13.307289821
0,"array('h', [949, 948, 944, 39])",1762382552573141807,13.348627658
0,"array('h', [948, 948, 945, 35])",1762382552609236050,13.384721901
0,"array('h', [949, 948, 944, 34])",1762382552648807810,13.424293661
0,"array('h', [949, 948, 944, 38])",1762382552693578658,13.469064509
0,"array('h', [949, 948, 945, 34])",1762382552733834197,13.509320048
0,"array('h', [949, 948, 944, 34])",1762382552769730401,13.545216252
0,"array('h', [948, 948, 944, 34])",1762382552811368878,13.586854729
0,"array('h', [949, 948, 944, 34])",1762382552885157415,13.660643266
0,"array('h', [948, 947, 944, 32])",1762382552922717214,13.698203065
0,"array('h', [948, 948, 943, 38])",1762382552962033876,13.737519727
0,"array('h', [948, 948, 673, 41])",1762382552999289454,13.774775305
0,"array('h', [948, 948, 443, 37])",1762382553037843707,13.813329558
0,"array('h', [948, 948, 424, 36])",1762382553075117412,13.850603263
0,"array('h', [948, 948, 383, 38])",1762382553117700139,13.89318599
0,"array('h', [948, 948, 380, 37])",1762382553171423132,13.946908983
0,"array('h', [948, 948, 376, 35])",1762382553206061104,13.981546955
0,"array('h', [948, 947, 375, 34])",1762382553242404332,14.017890183
0,"array('h', [948, 948, 375, 34])",1762382553291019909,14.06650576
0,"array('h', [948, 948, 374, 34])",1762382553323434555,14.098920406
0,"array('h', [948, 947, 374, 33])",1762382553365927916,14.141413767
0,"array('h', [948, 947, 374, 37])",1762382553418061203,14.193547054
0,"array('h', [948, 947, 374, 35])",1762382553450805268,14.226291119
0,"array('h', [947, 947, 374, 35])",1762382553497994200,14.273480051
0,"array('h', [948, 947, 374, 36])",1762382553536879375,14.312365226
0,"array('h', [948, 947, 374, 37])",1762382553566250188,14.341736039
0,"array('h', [948, 947, 373, 37])",1762382553618695644,14.394181495
0,"array('h', [948, 947, 374, 36])",1762382553649268148,14.424753999
0,"array('h', [947, 948, 373, 36])",1762382553691983219,14.46746907
0,"array('h', [948, 947, 373, 36])",1762382553729073391,14.504559242
0,"array('h', [948, 947, 374, 35])",1762382553774146124,14.549631975
0,"array('h', [948, 947, 373, 36])",1762382553817396853,14.592882704
0,"array('h', [948, 947, 373, 36])",1762382553848494178,14.623980029
0,"array('h', [948, 947, 374, 39])",1762382553899799301,14.675285152
0,"array('h', [947, 947, 373, 36])",1762382553946016333,14.721502184
0,"array('h', [948, 947, 373, 35])",1762382553995262578,14.770748429
0,"array('h', [948, 947, 373, 37])",1762382554024142527,14.799628378
0,"array('h', [947, 947, 373, 38])",1762382554070656184,14.846142035
0,"array('h', [947, 947, 373, 38])",1762382554104097758,14.879583609
0,"array('h', [948, 947, 374, 36])",1762382554148870378,14.924356229
0,"array('h', [948, 947, 373, 36])",1762382554189971028,14.965456879
0,"array('h', [948, 946, 373, 40])",1762382554227103508,15.002589359
0,"array('h', [947, 813, 374, 39])",1762382554273207124,15.048692975
0,"array('h', [947, 460, 368, 38])",1762382554306649943,15.082135794
0,"array('h', [767, 429, 373, 32])",1762382554349689433,15.125175284
0,"array('h', [427, 417, 377, 28])",1762382554404827005,15.180312856
0,"array('h', [387, 415, 374, 26])",1762382554437396612,15.212882463
0,"array('h', [381, 416, 374, 25])",1762382554480318613,15.255804464
0,"array('h', [380, 415, 373, 24])",1762382554525366125,15.300851976
0,"array('h', [379, 415, 373, 22])",1762382554556741876,15.332227727
0,"array('h', [378, 415, 374, 22])",1762382554597896087,15.373381938
0,"array('h', [379, 415, 373, 24])",1762382554643014234,15.418500085
0,"array('h', [379, 415, 374, 27])",1762382554676778751,15.452264602
0,"array('h', [378, 414, 374, 24])",1762382554722269927,15.497755778
0,"array('h', [378, 415, 374, 24])",1762382554759298741,15.534784592
0,"array('h', [378, 416, 373, 25])",1762382554798739000,15.574224851
0,"array('h', [378, 416, 374, 27])",1762382554858490063,15.633975914
0,"array('h', [378, 416, 373, 24])",1762382554912503436,15.687989287
0,"array('h', [378, 416, 373, 26])",1762382554948821972,15.724307823
0,"array('h', [378, 417, 373, 23])",1762382554985608175,15.761094026
0,"array('h', [377, 416, 374, 23])",1762382555032756062,15.808241913
0,"array('h', [378, 417, 374, 25])",1762382555075683410,15.851169261
0,"array('h', [378, 417, 374, 24])",1762382555105620843,15.881106694
0,"array('h', [378, 417, 374, 25])",1762382555149766640,15.925252491
0,"array('h', [378, 416, 373, 25])",1762382555187074852,15.962560703
0,"array('h', [377, 416, 373, 22])",1762382555231674753,16.007160604
0,"array('h', [378, 415, 373, 25])",1762382555274570249,16.0500561
0,"array('h', [378, 416, 374, 23])",1762382555311681663,16.087167514
0,"array('h', [377, 416, 373, 24])",1762382555358360391,16.133846242
0,"array('h', [377, 416, 373, 24])",1762382555413244248,16.188730099
0,"array('h', [377, 415, 373, 25])",1762382555459158099,16.23464395
0,"array('h', [378, 415, 373, 24])",1762382555504048514,16.279534365
0,"array('h', [377, 415, 373, 26])",1762382555536468703,16.311954554
0,"array('h', [377, 415, 374, 22])",1762382555585651196,16.361137047
0,"array('h', [377, 416, 374, 25])",1762382555617568924,16.393054775
0,"array('h', [377, 415, 373, 25])",1762382555663859667,16.439345518
0,"array('h', [377, 415, 373, 22])",1762382555711412597,16.486898448
0,"array('h', [377, 416, 374, 25])",1762382555746250103,16.521735954
0,"array('h', [377, 415, 373, 24])",1762382555787415316,16.562901167
0,"array('h', [377, 416, 374, 27])",1762382555862210699,16.63769655
0,"array('h', [377, 416, 374, 26])",1762382555911695176,16.687181027
0,"array('h', [377, 416, 373, 25])",1762382555944365427,16.719851278
0,"array('h', [377, 416, 373, 25])",1762382555986323330,16.761809181
0,"array('h', [377, 416, 374, 29])",1762382556022129818,16.797615669
0,"array('h', [377, 416, 373, 27])",1762382556069878856,16.845364707
0,"array('h', [378, 416, 373, 26])",1762382556115673509,16.89115936
0,"array('h', [377, 415, 373, 26])",1762382556143892991,16.919378842
0,"array('h', [378, 415, 373, 24])",1762382556187394631,16.962880482
0,"array('h', [377, 412, 373, 27])",1762382556223684086,16.999169937
0,"array('h', [377, 411, 373, 30])",1762382556267556354,17.043042205
0,"array('h', [377, 410, 373, 22])",1762382556307846463,17.083332314
0,"array('h', [378, 412, 374, 22])",1762382556351195782,17.126681633
0,"array('h', [378, 412, 374, 22])",1762382556387861330,17.163347181
0,"array('h', [378, 412, 375, 27])",1762382556425992148,17.201477999
0,"array('h', [378, 412, 374, 24])",1762382556465899255,17.241385106
0,"array('h', [378, 412, 374, 26])",1762382556507216970,17.282702821
0,"array('h', [378, 411, 374, 26])",1762382556547616782,17.323102633
0,"array('h', [378, 412, 374, 26])",1762382556585580235,17.361066086
0,"array('h', [378, 412, 374, 26])",1762382556625834165,17.401320016
0,"array('h', [378, 411, 374, 23])",1762382556666182179,17.44166803
0,"array('h', [378, 411, 374, 25])",1762382556718587564,17.494073415
0,"array('h', [378, 411, 374, 20])",1762382556751239867,17.526725718
0,"array('h', [378, 411, 374, 24])",1762382556796099918,17.571585769
0,"array('h', [378, 412, 373, 26])",1762382556846495336,17.621981187
0,"array('h', [378, 411, 374, 26])",1762382556876284721,17.651770572
0,"array('h', [378, 411, 374, 24])",1762382556917203827,17.692689678
0,"array('h', [378, 411, 374, 21])",1762382556961613188,17.737099039
0,"array('h', [378, 411, 374, 27])",1762382556997316678,17.772802529
0,"array('h', [378, 411, 374, 25])",1762382557043798223,17.819284074
0,"array('h', [377, 411, 374, 26])",1762382557075875198,17.851361049
0,"array('h', [378, 411, 374, 25])",1762382557123425022,17.898910873
0,"array('h', [378, 412, 374, 28])",1762382557161548745,17.937034596
0,"array('h', [378, 411, 374, 22])",1762382557198857504,17.974343355
0,"array('h', [378, 411, 374, 24])",1762382557249442432,18.024928283
0,"array('h', [378, 411, 373, 22])",1762382557278323267,18.053809118
0,"array('h', [378, 411, 374, 23])",1762382557322263670,18.097749521
0,"array('h', [378, 411, 374, 23])",1762382557380836684,18.156322535
0,"array('h', [378, 411, 374, 28])",1762382557409283255,18.184769106
0,"array('h', [377, 411, 374, 26])",1762382557454993605,18.230479456
0,"array('h', [378, 411, 374, 24])",1762382557495520611,18.271006462
0,"array('h', [378, 412, 374, 19])",1762382557536164550,18.311650401
0,"array('h', [378, 411, 374, 23])",1762382557577607013,18.353092864
0,"array('h', [378, 411, 374, 26])",1762382557628497608,18.403983459
0,"array('h', [377, 411, 374, 29])",1762382557657045800,18.432531651
0,"array('h', [377, 411, 374, 24])",1762382557703691312,18.479177163
0,"array('h', [377, 411, 373, 26])",1762382557754881385,18.530367236
0,"array('h', [378, 411, 373, 26])",1762382557782260731,18.557746582
0,"array('h', [377, 411, 374, 25])",1762382557833090164,18.608576015
0,"array('h', [378, 412, 373, 28])",1762382557871665055,18.647150906
0,"array('h', [378, 411, 373, 27])",1762382557906797148,18.682282999
0,"array('h', [377, 412, 374, 27])",1762382557949790236,18.725276087
0,"array('h', [378, 412, 373, 29])",1762382557992461510,18.767947361
0,"array('h', [378, 412, 373, 26])",1762382558038533413,18.814019264
0,"array('h', [378, 413, 374, 26])",1762382558067488733,18.842974584
0,"array('h', [378, 412, 374, 29])",1762382558106954526,18.882440377
0,"array('h', [378, 412, 373, 25])",1762382558147281812,18.922767663
0,"array('h', [378, 413, 374, 25])",1762382558187348046,18.962833897
0,"array('h', [378, 413, 374, 23])",1762382558226734655,19.002220506
0,"array('h', [378, 412, 374, 21])",1762382558273177916,19.048663767
0,"array('h', [379, 413, 373, 30])",1762382558314933000,19.090418851
0,"array('h', [381, 414, 374, 26])",1762382558349301439,19.12478729
0,"array('h', [378, 413, 374, 27])",1762382558388642162,19.164128013
0,"array('h', [378, 414, 374, 21])",1762382558429587995,19.205073846
0,"array('h', [378, 414, 374, 21])",1762382558474807794,19.250293645
0,"array('h', [378, 414, 374, 20])",1762382558514573783,19.290059634
0,"array('h', [378, 414, 374, 27])",1762382558553728458,19.329214309
0,"array('h', [378, 415, 374, 23])",1762382558593412676,19.368898527
0,"array('h', [378, 414, 374, 23])",1762382558632775668,19.408261519
0,"array('h', [378, 414, 374, 20])",1762382558682371549,19.4578574
0,"array('h', [378, 414, 374, 26])",1762382558718591257,19.494077108
0,"array('h', [378, 414, 374, 24])",1762382558768036765,19.543522616
0,"array('h', [377, 414, 373, 21])",1762382558816206196,19.591692047
0,"array('h', [379, 415, 374, 21])",1762382558848170949,19.6236568
0,"array('h', [378, 414, 374, 26])",1762382558889753496,19.665239347
0,"array('h', [378, 414, 373, 24])",1762382558941419856,19.716905707
0,"array('h', [378, 414, 374, 21])",1762382558989260609,19.76474646
0,"array('h', [378, 414, 374, 25])",1762382559039761498,19.815247349
0,"array('h', [378, 414, 374, 23])",1762382559080503687,19.855989538
0,"array('h', [378, 415, 374, 25])",1762382559119949641,19.895435492
0,"array('h', [378, 415, 373, 22])",1762382559161596405,19.937082256
0,"array('h', [378, 414, 373, 23])",1762382559206894585,19.982380436
0,"array('h', [379, 415, 374, 25])",1762382559244591312,20.020077163
0,"array('h', [378, 415, 374, 23])",1762382559281899565,20.057385416
0,"array('h', [378, 415, 374, 22])",1762382559322323323,20.097809174
0,"array('h', [378, 415, 374, 21])",1762382559361849512,20.137335363
0,"array('h', [378, 414, 374, 24])",1762382559399681005,20.175166856
0,"array('h', [378, 415, 374, 25])",1762382559455861820,20.231347671
0,"array('h', [378, 415, 374, 20])",1762382559493547087,20.269032938
0,"array('h', [378, 415, 374, 24])",1762382559529284264,20.304770115
0,"array('h', [378, 414, 373, 23])",1762382559572935848,20.348421699
0,"array('h', [378, 415, 374, 21])",1762382559607045912,20.382531763
0,"array('h', [378, 415, 373, 19])",1762382559650303600,20.425789451
0,"array('h', [377, 414, 374, 22])",1762382559688827072,20.464312923
0,"array('h', [377, 414, 374, 23])",1762382559731894036,20.507379887
0,"array('h', [378, 415, 373, 22])",1762382559771150982,20.546636833
0,"array('h', [378, 415, 373, 22])",1762382559807914964,20.583400815
0,"array('h', [378, 415, 374, 23])",1762382559852298177,20.627784028
0,"array('h', [378, 415, 374, 22])",1762382559889018309,20.66450416
0,"array('h', [378, 414, 374, 22])",1762382559930906378,20.706392229
0,"array('h', [378, 415, 374, 24])",1762382559967551637,20.743037488
0,"array('h', [378, 415, 374, 21])",1762382560021232160,20.796718011
0,"array('h', [378, 414, 373, 22])",1762382560066571807,20.842057658
0,"array('h', [378, 415, 374, 24])",1762382560104089691,20.879575542
0,"array('h', [378, 415, 373, 24])",1762382560148714126,20.924199977
0,"array('h', [378, 415, 374, 21])",1762382560198858794,20.974344645
0,"array('h', [378, 415, 374, 21])",1762382560230128797,21.005614648
0,"array('h', [378, 415, 374, 21])",1762382560272684476,21.048170327
0,"array('h', [378, 415, 374, 22])",1762382560307448132,21.082933983
0,"array('h', [378, 415, 374, 21])",1762382560349765470,21.125251321
0,"array('h', [378, 415, 374, 23])",1762382560397564410,21.173050261
0,"array('h', [378, 414, 374, 23])",1762382560426887617,21.202373468
0,"array('h', [378, 415, 374, 19])",1762382560473497916,21.248983767
0,"array('h', [377, 415, 374, 26])",1762382560509364999,21.28485085
0,"array('h', [378, 415, 374, 23])",1762382560569681632,21.345167483
0,"array('h', [378, 415, 374, 21])",1762382560620144227,21.395630078
0,"array('h', [378, 415, 373, 20])",1762382560655779896,21.431265747
0,"array('h', [378, 415, 373, 22])",1762382560693354428,21.468840279
0,"array('h', [378, 415, 374, 22])",1762382560734509878,21.509995729
0,"array('h', [378, 414, 374, 22])",1762382560773834559,21.54932041
0,"array('h', [378, 415, 374, 24])",1762382560813661942,21.589147793
0,"array('h', [377, 415, 374, 21])",1762382560868268029,21.64375388
0,"array('h', [378, 415, 374, 22])",1762382560897549113,21.673034964
0,"array('h', [378, 415, 374, 21])",1762382560939232238,21.714718089
0,"array('h', [378, 415, 374, 23])",1762382560985902927,21.761388778
0,"array('h', [378, 415, 374, 24])",1762382561042869061,21.818354912
0,"array('h', [378, 415, 374, 25])",1762382561088020911,21.863506762
0,"array('h', [377, 415, 374, 25])",1762382561122765850,21.898251701
0,"array('h', [378, 415, 374, 24])",1762382561165927196,21.941413047
0,"array('h', [378, 415, 374, 25])",1762382561203560810,21.979046661
0,"array('h', [379, 415, 376, 26])",1762382561245830281,22.021316132
0,"array('h', [378, 416, 375, 28])",1762382561287686801,22.063172652
0,"array('h', [377, 417, 373, 25])",1762382561326044778,22.101530629
0,"array('h', [377, 415, 375, 29])",1762382561370571977,22.146057828
0,"array('h', [377, 420, 373, 28])",1762382561413775100,22.189260951
0,"array('h', [378, 422, 373, 24])",1762382561447048225,22.222534076
0,"array('h', [378, 422, 373, 28])",1762382561486283221,22.261769072
0,"array('h', [377, 422, 374, 27])",1762382561525464620,22.300950471
0,"array('h', [377, 422, 374, 27])",1762382561572486911,22.347972762
0,"array('h', [377, 421, 374, 25])",1762382561608002824,22.383488675
0,"array('h', [377, 422, 373, 25])",1762382561649684214,22.425170065
0,"array('h', [378, 422, 374, 26])",1762382561696452314,22.471938165
0,"array('h', [377, 422, 374, 25])",1762382561730553990,22.506039841
0,"array('h', [400, 627, 852, 26])",1762382561766333227,22.541819078
0,"array('h', [997, 998, 998, 36])",1762382561808164151,22.583650002
0,"array('h', [997, 998, 998, 50])",1762382561847341615,22.622827466
0,"array('h', [997, 998, 998, 110])",1762382561886049102,22.661534953
0,"array('h', [998, 998, 998, 270])",1762382561929932809,22.70541866
0,"array('h', [997, 998, 998, 300])",1762382561966984120,22.742469971
0,"array('h', [997, 998, 998, 300])",1762382562006036735,22.781522586
0,"array('h', [997, 998, 998, 300])",1762382562046003172,22.821489023
0,"array('h', [997, 998, 998, 300])",1762382562087119646,22.862605497
0,"array('h', [997, 998, 998, 300])",1762382562131962256,22.907448107
0,"array('h', [997, 998, 998, 300])",1762382562176102888,22.951588739
0,"array('h', [997, 998, 998, 300])",1762382562219787430,22.995273281
0,"array('h', [997, 998, 998, 300])",1762382562257414845,23.032900696
0,"array('h', [997, 998, 998, 300])",1762382562296346021,23.071831872
0,"array('h', [997, 998, 998, 300])",1762382562336998763,23.112484614
0,"array('h', [997, 998, 998, 300])",1762382562381872951,23.157358802
0,"array('h', [997, 998, 998, 300])",1762382562427813493,23.203299344
0,"array('h', [997, 998, 998, 300])",1762382562457486438,23.232972289
0,"array('h', [997, 998, 998, 300])",1762382562499660602,23.275146453
0,"array('h', [997, 998, 998, 300])",1762382562537094048,23.312579899
0,"array('h', [997, 998, 998, 300])",1762382562577673707,23.353159558
0,"array('h', [997, 998, 998, 300])",1762382562616783632,23.392269483
0,"array('h', [997, 998, 998, 300])",1762382562658716309,23.43420216
0,"array('h', [997, 998, 998, 300])",1762382562699992587,23.475478438
0,"array('h', [997, 998, 998, 300])",1762382562738477332,23.513963183
0,"array('h', [997, 998, 998, 300])",1762382562779350139,23.55483599
0,"array('h', [997, 998, 998, 292])",1762382562818716097,23.594201948
0,"array('h', [997, 998, 998, 253])",1762382562861666119,23.63715197
0,"array('h', [997, 998, 998, 271])",1762382562899012016,23.674497867
0,"array('h', [997, 998, 998, 300])",1762382562937129899,23.71261575
0,"array('h', [997, 998, 998, 300])",1762382562978129377,23.753615228
0,"array('h', [997, 998, 998, 300])",1762382563022499000,23.797984851
0,"array('h', [997, 998, 998, 300])",1762382563066153543,23.841639394
0,"array('h', [997, 998, 998, 300])",1762382563104961152,23.880447003
